Related Terms,Outbound Links,URL
emergency plumber, http://www.gassaferegister.co.uk/ ,
plumber salary, https://www.ons.gov.uk/employmentandlabourmarket/peopleinwork/earningsandworkinghours ,
local plumbers, https://www.local-plumbers.org/washing-machine-plumbing/ ,
local plumbers, https://www.local-plumbers.org/taps-toilets/ ,
local plumbers, https://www.local-plumbers.org/about-us/ ,
local plumbers, https://www.local-plumbers.org/boilers/ ,
local plumbers, https://twitter.com/Local__Plumbers ,
local plumbers, https://www.local-plumbers.org/emergency-plumbing/ ,
local plumbers, https://www.local-plumbers.org/tanks/ ,
local plumbers, https://www.local-plumbers.org/pricing/ ,
local plumbers, https://www.local-plumbers.org/bathroom-kitchen/ ,
local plumbers, https://www.local-plumbers.org/property-maintenance/ ,
local plumbers, https://www.local-plumbers.org/ ,
local plumbers, https://www.local-plumbers.org/gas-certification/ ,
local plumbers, https://www.local-plumbers.org/contact/ ,
local plumbers, https://www.checkatrade.com/LocalPlumbers/Reviews.aspx ,
local plumbers, https://www.checkatrade.com/LocalPlumbers/ ,
local plumbers, https://plus.google.com/116447051655608351176 ,
local plumbers, https://www.local-plumbers.org/general-plumbing/ ,
local plumbers, https://www.local-plumbers.org/leaks/ ,
local plumbers, https://www.linkedin.com/in/local-plumbers-635397a1/ ,
local plumbers, https://www.local-plumbers.org/power-flushing/ ,
local plumbers, https://www.local-plumbers.org/radiators/ ,
local plumbers, https://www.local-plumbers.org/legionella-assessments/ ,
local plumbers, https://www.local-plumbers.org/sitemap/ ,
local plumbers, http://www.aubdlondon.co.uk/Business/9adc470e-ad2c-4cc3-987d-460c6d0a95ab/Local+Plumbers+(London)+Ltd ,
local plumbers, https://trustedtraders.which.co.uk/businesses/local-plumbers-partnership/ ,
local plumbers, https://www.facebook.com/LocalPlumbersCompany ,
local plumbers, https://www.local-plumbers.org/testimonials/ ,
local plumbers, https://www.local-plumbers.org/underfloor-heating/ ,
local plumbers, https://www.local-plumbers.org/central-heating/ ,
local plumbers, https://www.local-plumbers.org/blockages/ ,
local plumbers, https://www.local-plumbers.org/megaflo/ ,
local plumbers, https://www.local-plumbers.org/areas-we-cover/ ,
plumbers merchants near me, http://www.bathroom-showrooms.co.uk ,
plumbers merchants near me, https://www.getplumbedin.co.uk/faqs/ ,
plumbers merchants near me, https://www.getplumbedin.co.uk/ ,
plumbers merchants near me, https://uk.trustpilot.com/review/www.cityplumbing.co.uk ,
plumbers merchants near me, https://www.facebook.com/cityplumbinguk/ ,
plumbers merchants near me, https://www.youtube.com/channel/UCbsxzVuP2mrosFnuoMv8khA ,
plumbers merchants near me, https://plus.google.com/117996095414511420363 ,
plumbers merchants near me, https://www.cpscareers.co.uk/ ,
plumbers merchants near me, https://www.cityplumbing.co.uk/smart-homes ,
plumbers merchants near me,  https://www.instagram.com/cityplumbinguk ,
plumbers merchants near me, https://www.cityplumbing.co.uk/national-shower-spares ,
plumbers edinburgh, http://www.semtelligence.com/ ,
plumbers mate, https://www.milkround.com/job/apprenticeship-in-the-army/the-army-job86707321 ,
plumbers mate, https://www.totaljobsgroup.com/ ,
plumbers mate, https://www.totaljobsgroup.com ,
plumbers mate, https://www.travisperkinsplc.co.uk/about-us/governance/diversity-reporting.aspx ,
plumber, https://www.homeadvisor.comhttp://www.tradingstandards.gov.uk/ ,
plumber, http://www.aphc.co.uk/find_an_installer.asp ,
plumber, http://www.snipef.org/ ,
plumber, https://www.watersafe.org.uk/ ,
plumber, http://www.ciphe.org.uk/ ,
graham plumbers merchant, http://en.wikipedia.org/wiki/Social_bookmarking ,
plumbers near me, https://www.facebook.com/MyLocalHeroesUK/ ,
plumbers near me, http://www.facebook.com/ratedpeople ,
plumbers near me, http://twitter.com/#!/ratedpeople ,
plumbers near me, https://play.google.com/store/apps/details?id=com.ratedPeople.homeOwner ,
plumbers near me, https://en.wikipedia.org/wiki/Surrey ,
plumbers near me, https://en.wikipedia.org/wiki/London ,
pimlico plumbers, https://www.theguardian.com/type/video+tone/comment ,
pimlico plumbers, https://www.theguardian.com/most-read/business ,
pimlico plumbers, https://www.theguardian.com/business/2018/dec/23/deliveroo-criticised-for-sacking-scores-of-couriers-days-before-christmas ,
pimlico plumbers, https://www.theguardian.com/games ,
pimlico plumbers, https://www.theguardian.com/stage ,
pimlico plumbers, https://www.theguardian.com/help/terms-of-service ,
pimlico plumbers, https://www.theguardian.com/cities ,
pimlico plumbers, https://www.theguardian.com/uk/culture ,
pimlico plumbers, https://www.theguardian.com/sport/tennis ,
pimlico plumbers, https://www.theguardian.com/theguardian ,
pimlico plumbers, https://advertising.theguardian.com ,
pimlico plumbers, https://www.theguardian.com/preference/edition/int ,
pimlico plumbers, https://www.theguardian.com/lifeandstyle/love-and-sex ,
pimlico plumbers, https://www.theguardian.com/lifeandstyle/family ,
pimlico plumbers, https://support.theguardian.com/subscribe?INTCMP=header_support_subscribe&acquisitionData=%7B%22source%22:%22GUARDIAN_WEB%22,
pimlico plumbers, https://www.theguardian.com/preference/edition/uk ,
pimlico plumbers, https://theguardian.newspapers.com ,
pimlico plumbers, https://www.theguardian.com/help ,
pimlico plumbers, https://support.theguardian.com/contribute?INTCMP=header_support_contribute&acquisitionData=%7B%22source%22:%22GUARDIAN_WEB%22,
pimlico plumbers, https://www.theguardian.com/preference/edition/au ,
pimlico plumbers, https://www.theguardian.com/sport/us-sport ,
pimlico plumbers, https://www.theguardian.com/tone/news ,
pimlico plumbers, https://www.theguardian.com/international ,
pimlico plumbers, https://www.theguardian.com/lifeandstyle/women ,
pimlico plumbers, https://discountcode.theguardian.com ,
pimlico plumbers, https://www.theguardian.com/video ,
pimlico plumbers, https://www.theguardian.com/business/the-gig-economy ,
pimlico plumbers, https://www.theguardian.com/food ,
pimlico plumbers, https://www.theguardian.com/uk/film ,
pimlico plumbers, https://support.theguardian.com/contribute?INTCMP=footer_support_contribute&acquisitionData=%7B%22source%22:%22GUARDIAN_WEB%22,
pimlico plumbers, https://www.theguardian.com/preference/edition/us ,
pimlico plumbers, https://www.theguardian.com/sport/cycling ,
pimlico plumbers, https://www.theguardian.com/weekly?INTCMP=gdnwb_mawns_editorial_gweekly_GW_TopNav_Int ,
pimlico plumbers, https://www.theguardian.com/uk/technology ,
pimlico plumbers, https://www.theguardian.com/global-development ,
pimlico plumbers, https://www.theguardian.com/mobile/2014/may/29/the-guardian-for-mobile-and-tablet ,
pimlico plumbers, https://profile.theguardian.com/account/edit ,
pimlico plumbers, https://support.theguardian.com/contribute?INTCMP=side_menu_support_contribute&acquisitionData=%7B%22source%22:%22GUARDIAN_WEB%22,
pimlico plumbers, https://profile.theguardian.com/signin?INTCMP=DOTCOM_NEWHEADER_SIGNIN ,
pimlico plumbers, https://www.theguardian.com/info/complaints-and-corrections ,
pimlico plumbers, https://www.theguardian.com/uk/sport ,
pimlico plumbers, https://twitter.com/guardian ,
pimlico plumbers, https://www.theguardian.com/email-newsletters ,
pimlico plumbers, https://www.theguardian.com/artanddesign ,
pimlico plumbers, https://www.theguardian.com/books ,
pimlico plumbers, https://manage.theguardian.com/contributions ,
pimlico plumbers, https://profile.theguardian.com/signout ,
pimlico plumbers, https://www.theguardian.com/football ,
pimlico plumbers, https://www.theguardian.com/sport/rugby-union ,
pimlico plumbers, https://www.google.co.uk/advanced_search?q=site:www.theguardian.com ,
pimlico plumbers, https://www.theguardian.com/inpictures ,
pimlico plumbers, https://www.theguardian.com/crosswords ,
pimlico plumbers, https://www.theguardian.com/business/2019/mar/24/frank-field-demands-action-on-ramapant-injustice-in-the-gig-economy ,
pimlico plumbers, https://www.theguardian.com/artanddesign/2019/mar/01/national-gallery-lecturers-win-right-to-be-recognised-as-workers ,
pimlico plumbers, https://www.theguardian.com/sport/cricket ,
pimlico plumbers, https://www.theguardian.com/music/classicalmusicandopera ,
pimlico plumbers, https://www.theguardian.com/uk/travel ,
pimlico plumbers, https://www.theguardian.com/business/2018/feb/20/supreme-court-begins-hearing-employment-case-pimlico-plumbers-gig-economy-uber ,
pimlico plumbers, https://holidays.theguardian.com?INTCMP=holidays_int_web_newheader ,
pimlico plumbers, https://www.theguardian.com/membership ,
pimlico plumbers, https://manage.theguardian.com/subscriptions ,
pimlico plumbers, https://www.theguardian.com/index/subjects/a ,
pimlico plumbers, https://www.theguardian.com/sport/golf ,
pimlico plumbers, https://www.theguardian.com/politics/2018/nov/11/addison-lee-drivers-challenge-clients-to-uphold-un-pledges ,
pimlico plumbers, https://www.theguardian.com/info/privacy ,
pimlico plumbers, https://www.theguardian.com/profile/editorial ,
pimlico plumbers, https://support.theguardian.com/subscribe?INTCMP=footer_support_subscribe&acquisitionData=%7B%22source%22:%22GUARDIAN_WEB%22,
pimlico plumbers, https://www.theguardian.com/podcasts ,
pimlico plumbers, https://www.theguardian.com/music ,
pimlico plumbers, https://workforus.theguardian.com ,
pimlico plumbers, https://www.theguardian.com/uk-news ,
pimlico plumbers, https://www.theguardian.com/lifeandstyle/men ,
pimlico plumbers, https://www.theguardian.com/lifeandstyle/home-and-garden ,
pimlico plumbers, https://www.theguardian.com/business/2018/nov/22/gmb-union-drops-support-for-dpd-courier-walkout-after-legal-threat ,
pimlico plumbers, https://www.theguardian.com/lifeandstyle/health-and-wellbeing ,
pimlico plumbers, https://www.theguardian.com/sport/formulaone ,
pimlico plumbers, https://www.theguardian.com/science ,
pimlico plumbers, https://www.theguardian.com/uk/tv-and-radio ,
pimlico plumbers, https://manage.theguardian.com/membership ,
pimlico plumbers, https://www.theguardian.com/uk/money ,
pimlico plumbers, https://www.theguardian.com/world ,
pimlico plumbers, https://profile.theguardian.com/public/edit ,
pimlico plumbers, https://support.theguardian.com/subscribe?INTCMP=side_menu_support_subscribe&acquisitionData=%7B%22source%22:%22GUARDIAN_WEB%22,
pimlico plumbers, https://www.theguardian.com/uk/business ,
pimlico plumbers, https://www.theguardian.com/uk/lifeandstyle ,
pimlico plumbers, https://www.theguardian.com/uk/environment ,
pimlico plumbers, https://www.theguardian.com/help/contact-us ,
pimlico plumbers, https://www.theguardian.com/fashion ,
pimlico plumbers, https://www.facebook.com/theguardian ,
pimlico plumbers, https://www.theguardian.com/money/2018/nov/14/tribunal-upholds-ruling-on-addison-lee-drivers-rights ,
pimlico plumbers, https://www.theguardian.com/uk/commentisfree ,
pimlico plumbers, https://soulmates.theguardian.com?INTCMP=soulmates_int_web_newheader ,
pimlico plumbers, https://soulmates.theguardian.com/?INTCMP=soulmates_int_web_footer ,
pimlico plumbers, https://www.theguardian.com/info/cookies ,
pimlico plumbers, https://www.theguardian.com/cartoons/archive ,
pimlico plumbers, https://www.theguardian.com/business/2018/nov/08/gig-economy-workers-rights-to-be-given-boost-in-overhaul ,
pimlico plumbers, https://www.theguardian.com/securedrop ,
pimlico plumbers, https://www.theguardian.com/tone/recipes ,
pimlico plumbers, https://www.theguardian.com/observer ,
pimlico plumbers, https://www.theguardian.com/tone/letters ,
pimlico plumbers, https://jobs.theguardian.com/jobs?INTCMP=NGW_FOOTER_INT_GU_JOBS ,
pimlico plumbers, https://www.theguardian.com/tone/obituaries ,
pimlico plumbers, https://profile.theguardian.com/email-prefs ,
plumber edinburgh, http://www.semtelligence.com/ ,
plumber,https://en.wikipedia.org/wiki/Plumber,https://en.wikipedia.org/wiki/Plumber
plumber,https://en.wikipedia.org/wiki/Plumbing,https://en.wikipedia.org/wiki/Plumbing
pimlico plumbers,https://en.wikipedia.org/wiki/Pimlico_Plumbers,https://en.wikipedia.org/wiki/Pimlico_Plumbers
